Year{20,21,22,23,24,25 },,,,,,,,,,,,,,,,
Month{Apr, May, Jun, Jul, Aug, Sep, Oct, Nov, Dec, Jan, Feb, Mar, Firsthalf, Secondhalf, All },,,,,,,
Stay{Individual, Cumulative, CuIn},,,,,,,,,,,,,,,,,,,
Country{China, Korea, Taiwan, HK, Singapore, Malaysia, Thailand, India, Indonesia, Vietnam, Philippines, Russia, UK, France, Germany, US, Canada, Australia, Other},,,
@data form,,,,,,,,,,,,,,,,,,,,,
Year, Month, Stay, China, Korea, Taiwan, HK, Singapore, Malaysia, Thailand, India, Indonesia, Vietnam, Philippines, Russia, UK, France, Germany, US, Canada, Australia, Other

@data,,,,,,,,,,,,,,,,,,,,,
20, Apr, Individual,6512,12619,43101,10586,5784,na,na,na,na,na,43,398,349,182,131,1415,276,622,6703
20, Apr, Cumulative,6806,13169,44276,11194,6073,na,na,na,na,na,51,849,499,282,173,1834,389,1011,8806
20, May, Individual,4824,22701,62684,22041,15194,na,na,na,na,na,63,604,406,317,234,3692,351,585,12912
20, May, Cumulative,5362,23681,65153,24030,15994,na,na,na,na,na,79,872,532,450,333,4678,426,857,13773
20, Jun, Individual,5051,22971,64094,31053,14664,na,na,na,na,na,74,855,371,217,229,3993,478,548,8413
20, Jun, Cumulative,5859,26061,66790,33619,15734,na,na,na,na,na,119,1476,500,283,342,5589,718,918,10122
20, Jul, Individual,11249,43993,93729,54445,15802,na,na,na,na,na,39,1687,1038,884,623,6210,1167,1101,17766
20, Jul, Cumulative,12717,53031,99337,61041,16863,na,na,na,na,na,65,3975,1587,1509,1038,10293,1692,1625,21545
20, Aug, Individual,8592,48044,70350,50103,7240,na,na,na,na,na,53,1038,755,785,637,3241,1044,735,11390
20, Aug, Cumulative,10346,57540,74709,55615,7754,na,na,na,na,na,81,1925,935,1064,1599,4104,1303,1111,14297
20, Sep, Individual,5137,17779,56620,25983,9321,na,na,na,na,na,28,1120,404,233,717,3344,319,614,9004
20, Sep, Cumulative,6284,19177,59613,28260,10025,na,na,na,na,na,36,1598,563,314,850,4541,418,946,10223
20, Oct, Individual,9050,18232,61878,28750,10275,na,na,na,na,na,20,755,515,227,240,4633,345,822,11650
20, Oct, Cumulative,10971,20080,64876,33003,11140,na,na,na,na,na,28,1075,637,333,307,5424,515,1118,13965
20, Nov, Individual,7414,5660,41385,14888,9677,na,na,na,na,na,5,1039,317,153,123,1125,230,476,5136
20, Nov, Cumulative,8726,6284,43679,18059,10359,na,na,na,na,na,5,1349,377,294,148,1485,300,744,6170
20, Dec, Individual,12133,8463,49741,36726,36572,na,na,na,na,na,87,742,594,147,143,1842,231,3396,13677
20, Dec, Cumulative,13915,10229,53373,51802,48338,na,na,na,na,na,150,1288,1417,328,243,2812,441,17789,19591
20, Jan, Individual,21589,15009,56158,41722,9720,na,na,na,na,na,125,641,747,167,155,1642,201,9788,10417
20, Jan, Cumulative,25374,24359,61495,55485,11609,na,na,na,na,na,217,1750,2160,362,253,2509,559,53405,17261
20, Feb, Individual,7721,11206,45267,28602,4210,na,na,na,na,na,117,654,1211,288,315,4103,365,7770,11438
20, Feb, Cumulative,9373,13402,48190,38421,5484,na,na,na,na,na,199,1061,2652,661,413,6547,721,35607,15638
20, Mar, Individual,6450,7231,28229,13543,3641,na,na,na,na,na,55,384,476,142,539,1568,171,1814,4359
20, Mar, Cumulative,7595,7993,30337,18595,5118,na,na,na,na,na,70,858,940,326,673,2119,284,6787,6969
20, Firsthalf, Individual,41365,168107,390578,194211,68005,na,na,na,na,na,300,5702,3323,2618,2571,21895,3635,4205,66188
20, Firsthalf, Cumulative,47374,192659,409878,213759,72443,na,na,na,na,na,431,10695,4616,3902,4335,31039,4946,6468,78766
20, Secondhalf, Individual,64357,65801,282658,164231,74095,na,na,na,na,na,409,4215,3860,1124,1515,14913,1543,24066,56677
20, Secondhalf, Cumulative,75954,82347,301950,215365,92048,na,na,na,na,na,669,7381,8183,2304,2037,20896,2820,115450,79594
20, All, Individual,105722,233908,673236,358442,142100,na,na,na,na,na,709,9917,7183,3742,4086,36808,5178,28271,122865
20, All, Cumulative,123328,275006,711828,429124,164491,na,na,na,na,na,1100,18076,12799,6206,6372,51935,7766,121918,158360
21, Apr, Individual,11041,6910,29566,11330,4022,na,na,na,na,na,74,338,242,177,104,1459,245,584,4866
21, Apr, Cumulative,12284,7527,33741,15261,4308,na,na,na,na,na,113,590,308,214,237,1842,299,1007,6059
21, May, Individual,8160,9560,30640,13968,9720,na,na,na,na,na,91,753,300,328,194,3268,502,366,5762
21, May, Cumulative,9021,10560,34885,18042,10465,na,na,na,na,na,190,902,423,438,281,4033,733,524,6671
21, Jun, Individual,4789,8997,23652,14834,7692,na,na,na,na,na,86,518,259,239,361,2896,389,557,5237
21, Jun, Cumulative,5504,10601,25748,18477,8468,na,na,na,na,na,102,779,348,354,471,3627,534,881,7440
21, Jul, Individual,14832,25550,52266,40323,8281,na,na,na,na,na,70,648,509,621,569,3223,669,823,10649
21, Jul, Cumulative,17172,30131,56328,53130,9296,na,na,na,na,na,86,996,703,796,748,4277,855,1089,13717
21, Aug, Individual,21264,34123,51135,36763,3548,na,na,na,na,na,59,710,581,717,357,2939,446,672,6661
21, Aug, Cumulative,24279,40496,55491,51013,4057,na,na,na,na,na,93,1778,736,967,490,3863,637,839,8731
21, Sep, Individual,9804,9801,31869,16734,5107,na,na,na,na,na,21,544,392,334,422,2237,400,658,6828
21, Sep, Cumulative,11288,11197,33752,20861,5619,na,na,na,na,na,22,1104,508,460,576,3128,529,822,8522
21, Oct, Individual,23392,10003,48213,24563,8911,na,na,na,na,na,76,729,370,273,691,3375,362,750,7572
21, Oct, Cumulative,25790,11063,50440,29860,9654,na,na,na,na,na,86,918,448,377,851,4222,510,1025,9046
21, Nov, Individual,14560,9831,42612,15388,7943,na,na,na,na,na,94,702,183,167,145,1943,295,471,6089
21, Nov, Cumulative,15702,11065,44384,18651,8693,na,na,na,na,na,96,1001,245,187,243,2268,391,597,7177
21, Dec, Individual,21569,19621,52902,47909,41823,na,na,na,na,na,233,1080,657,112,244,4248,307,3681,17609
21, Dec, Cumulative,24267,22488,56932,65954,54768,na,na,na,na,na,296,1527,1532,192,367,5457,552,14420,24316
21, Jan, Individual,20953,30545,50009,24684,4336,na,na,na,na,na,114,962,630,216,243,1608,374,11903,7481
21, Jan, Cumulative,23194,35467,53471,34699,6273,na,na,na,na,na,145,1944,1511,302,282,2711,671,56486,12775
21, Feb, Individual,53088,23299,70865,61318,11052,na,na,na,na,na,273,774,1568,492,276,4578,519,9720,17163
21, Feb, Cumulative,59850,27160,76081,86749,14185,na,na,na,na,na,482,1470,3423,902,749,7529,819,39897,24501
21, Mar, Individual,10486,11372,40589,15490,6430,na,na,na,na,na,244,953,579,152,146,1329,367,3157,9915
21, Mar, Cumulative,11833,13049,42849,23458,8791,na,na,na,na,na,303,1582,1136,325,417,2248,506,12465,13209
21, Firsthalf, Individual,69890,94941,219128,133952,38370,na,na,na,na,na,401,3511,2283,2416,2007,16022,2651,3660,40003
21, Firsthalf, Cumulative,79548,110512,239945,176784,42213,na,na,na,na,na,606,6149,3026,3229,2803,20770,3587,5162,51140
21, Secondhalf, Individual,144048,104671,305190,189352,80495,na,na,na,na,na,1034,5200,3987,1412,1745,17081,2224,29682,65829
21, Secondhalf, Cumulative,160636,120292,324157,259371,102364,na,na,na,na,na,1408,8442,8295,2285,2909,24435,3449,124890,91024
21, All, Individual,213938,199612,524318,323304,118865,na,na,na,na,na,1435,8711,6270,3828,3752,33103,4875,33342,105832
21, All, Cumulative,240184,230804,564102,436155,144577,na,na,na,na,na,2014,14591,11321,5514,5712,45205,7036,130052,142164
22, Apr, Individual,15004,12390,31539,16550,6693,2709,2577,19,na,na,na,445,300,178,91,1334,199,675,3722
22, Apr, Cumulative,16409,13228,33668,20738,7221,3072,3039,21,na,na,na,743,458,295,140,1600,262,1591,4430
22, May, Individual,14484,16617,41946,20939,17458,3910,3067,87,na,na,na,744,287,262,162,2632,449,648,5155
22, May, Cumulative,16065,17940,43842,24693,18882,4249,3783,165,na,na,na,1163,364,350,308,3135,593,892,6451
22, Jun, Individual,17536,20732,43640,24641,17185,2489,1238,84,na,na,na,847,311,328,442,2838,400,704,6622
22, Jun, Cumulative,19575,22330,46353,30244,19140,2720,1689,203,na,na,na,1364,415,441,857,3556,573,1265,9069
22, Jul, Individual,45479,39300,76689,53263,21318,9438,7112,56,na,na,na,968,648,652,314,3834,503,753,11590
22, Jul, Cumulative,50707,45674,82585,68939,22979,10350,8435,119,na,na,na,1679,856,853,429,4912,674,1308,14873
22, Aug, Individual,41127,49965,53860,37119,5883,1617,1798,29,na,na,na,1442,692,774,573,2387,749,453,6386
22, Aug, Cumulative,45098,59147,58218,47328,6520,1864,2191,67,na,na,na,2596,965,1033,1036,3260,1174,743,8954
22, Sep, Individual,22362,25359,38887,19352,9145,4047,920,57,na,na,na,783,385,621,371,1886,367,971,7646
22, Sep, Cumulative,24550,27650,41654,23810,10001,4471,1041,78,na,na,na,1419,499,1000,580,2518,538,1613,9969
22, Oct, Individual,23871,20334,40948,17753,9984,2758,2081,71,na,na,na,780,383,245,272,2968,392,706,5599
22, Oct, Cumulative,26429,21690,43135,22773,11528,3077,2593,81,na,na,na,1094,585,292,402,3744,537,1058,7010
22, Nov, Individual,10355,16599,31480,10134,8254,2175,734,44,na,na,na,547,236,231,104,1541,206,421,4019
22, Nov, Cumulative,11491,17874,33240,13536,9484,2462,1045,73,na,na,na,935,267,286,284,3493,280,661,4960
22, Dec, Individual,17000,24047,45355,37139,45741,15981,2056,59,na,na,na,776,447,215,320,1241,439,3434,9317
22, Dec, Cumulative,20715,27535,49202,61091,66870,20612,3002,127,na,na,na,1174,1352,394,581,2510,825,12125,14750
22, Jan, Individual,23050,37647,52473,25372,7542,1552,1295,150,na,na,na,1082,529,270,160,1370,409,16682,5919
22, Jan, Cumulative,28908,44266,57310,40461,10966,2280,2145,304,na,na,na,2350,1612,599,641,2857,969,75567,13998
22, Feb, Individual,40281,37188,52323,54404,12227,6438,5636,69,na,na,na,713,1580,509,483,4055,467,11067,11529
22, Feb, Cumulative,49506,46041,56919,81127,18135,8109,8357,142,na,na,na,1682,4365,1164,1190,8417,962,44039,22021
22, Mar, Individual,5373,7458,16135,9228,3809,926,973,50,na,na,na,597,522,106,76,936,282,3293,2473
22, Mar, Cumulative,6696,9189,17363,15666,6859,1277,1392,53,na,na,na,1248,1539,220,118,1721,418,12913,5275
22, Firsthalf, Individual,155992,164363,286561,171864,77682,24210,16712,332,na,na,na,5229,2623,2815,1953,14911,2667,4204,41121
22, Firsthalf, Cumulative,172404,185969,306320,215752,84743,26726,20178,653,na,na,na,8964,3557,3972,3350,18981,3814,7412,53746
22, Secondhalf, Individual,119930,143273,238714,154030,87557,29830,12775,443,na,na,na,4495,3697,1576,1415,12111,2195,35603,38856
22, Secondhalf, Cumulative,143745,166595,257169,234654,123842,37817,18534,780,na,na,na,8483,9720,2955,3216,22742,3991,146363,68014
22, All, Individual,275922,307636,525275,325894,165239,54040,29487,775,na,na,na,9724,6320,4391,3368,27022,4862,39807,79977
22, All, Cumulative,316149,352564,563489,450406,208585,64543,38712,1433,na,na,na,17447,13277,6927,6566,41723,7805,153775,121760
23, Apr, Individual,327,435,2617,753,111,26,92,83,na,na,na,148,95,43,32,228,49,149,693
23, Apr, Cumulative,470,566,3200,1000,137,48,153,83,na,na,na,235,132,101,59,321,51,308,1129
23, May, Individual,1201,3628,13052,5623,2054,155,261,5,na,na,na,261,106,76,53,595,116,279,1319
23, May, Cumulative,1628,4306,14619,6617,2211,198,374,8,na,na,na,363,144,159,100,840,215,415,1836
23, Jun, Individual,6740,7354,32029,8870,11286,470,290,46,na,na,na,965,194,96,94,917,237,275,2119
23, Jun, Cumulative,7511,8434,33724,10471,11898,567,366,67,na,na,na,1286,297,200,240,1336,299,358,3334
23, Jul, Individual,14980,19987,53587,19881,10198,3748,3765,134,na,na,na,846,278,193,208,1311,294,405,4963
23, Jul, Cumulative,16780,24457,56600,24176,10948,3979,4261,141,na,na,na,1311,421,310,366,1947,722,686,7206
23, Aug, Individual,16644,22136,54820,27299,3684,1424,754,86,na,na,na,545,256,245,137,1061,255,360,4239
23, Aug, Cumulative,18469,27891,59178,31334,4104,1596,979,102,na,na,na,1592,441,335,498,1505,343,567,6094
23, Sep, Individual,9989,12257,33328,12489,5278,1739,1808,111,na,na,na,418,452,288,319,1356,251,460,3978
23, Sep, Cumulative,11296,14717,35050,14562,5777,1924,2294,167,na,na,na,1384,585,454,597,2023,320,731,6253
23, Oct, Individual,17522,12414,53471,18071,6933,1018,1491,67,na,na,na,702,274,169,298,1453,343,444,3571
23, Oct, Cumulative,18966,13960,55960,21020,7640,1108,1992,105,na,na,na,1020,366,297,352,2208,431,616,4561
23, Nov, Individual,10763,9545,40743,11432,7050,627,600,151,na,na,na,501,181,108,295,686,315,282,2794
23, Nov, Cumulative,11785,10652,42549,13399,7899,830,773,165,na,na,na,1034,234,229,464,1094,581,484,3492
23, Dec, Individual,21084,12392,56192,33747,29301,7719,2051,183,na,na,na,517,506,217,237,1196,390,2619,7415
23, Dec, Cumulative,25008,15536,61552,47039,40455,10163,2913,225,na,na,na,1180,1031,475,268,1966,647,11543,10415
23, Jan, Individual,44277,19570,75668,40517,9618,2764,1111,53,na,na,na,908,672,243,117,1872,556,8806,5766
23, Jan, Cumulative,52891,24075,85825,59297,13305,3608,1464,95,na,na,na,2174,1578,578,244,3335,1185,40893,11119
23, Feb, Individual,15420,19537,65866,27596,5146,1462,4497,152,na,na,na,627,1129,354,322,3362,535,8161,7025
23, Feb, Cumulative,19387,25632,72934,40380,7763,1986,6011,210,na,na,na,1279,2457,767,590,5782,1068,35107,11551
23, Mar, Individual,10931,10070,46224,11969,5736,1286,1219,67,na,na,na,701,480,211,182,1592,297,2899,4351
23, Mar, Cumulative,12702,13817,49313,17941,9439,1998,1557,132,na,na,na,1266,1224,454,311,2766,543,10676,7288
23, Firsthalf, Individual,49881,65797,189433,74915,32611,7562,6970,465,na,na,na,3183,1381,941,843,5468,1202,1928,17311
23, Firsthalf, Cumulative,56154,80371,202371,88160,35075,8312,8427,568,na,na,na,6171,2020,1559,1860,7972,1950,3065,25852
23, Secondhalf, Individual,119997,83528,338164,143332,63784,14876,10969,673,na,na,na,3956,3242,1302,1451,10161,2436,23211,30922
23, Secondhalf, Cumulative,140739,103672,368133,199076,86501,19693,14710,932,na,na,na,7953,6890,2800,2229,17151,4455,99319,48426
23, All, Individual,169878,149325,527597,218247,96395,22438,17939,1138,na,na,na,7139,4623,2243,2294,15629,3638,25139,48233
23, All, Cumulative,196893,184043,570504,287236,121576,28005,23137,1500,na,na,na,14124,8910,4359,4089,25123,6405,102384,74278
24, Apr, Individual,13092,6704,40092,8943,5616,905,2588,35,na,na,na,306,347,96,68,1166,153,804,4628
24, Apr, Cumulative,14798,7466,41926,12734,6447,1338,3499,85,na,na,na,521,485,217,90,1574,225,1467,5866
24, May, Individual,16229,12495,53585,13902,13603,2118,2842,97,na,na,na,417,334,168,105,1963,312,471,6161
24, May, Cumulative,18791,13968,56595,16947,15749,2824,3475,123,na,na,na,851,460,359,151,2726,444,701,7183
24, Jun, Individual,17281,16387,59809,16585,11203,1162,2269,105,na,na,na,784,304,169,289,2116,277,682,4287
24, Jun, Cumulative,20052,18535,63353,20581,13402,1378,3083,135,na,na,na,1628,455,267,363,2898,411,1114,6293
24, Jul, Individual,45252,28070,87259,30230,10915,4593,9505,104,na,na,na,1140,403,388,275,3023,600,846,8959
24, Jul, Cumulative,52593,34112,95020,41837,12443,5674,11996,183,na,na,na,2185,612,677,482,4645,1175,1211,12046
24, Aug, Individual,50152,39394,68826,25450,4894,1936,2200,93,na,na,na,1095,391,513,240,2058,448,568,7413
24, Aug, Cumulative,56633,47967,75419,32833,5604,2313,3005,106,na,na,na,3163,599,852,387,3019,698,905,10214
24, Sep, Individual,14559,12181,54579,13541,3645,799,1555,65,na,na,na,662,425,356,349,2320,287,496,6317
24, Sep, Cumulative,16886,13877,58207,16721,4322,1020,2028,104,na,na,na,1743,630,525,544,3439,648,845,8803
24, Oct, Individual,8254,14357,80856,18865,7721,2526,3353,82,na,na,na,876,419,392,394,2824,510,695,7698
24, Oct, Cumulative,9940,16843,84061,22040,8565,2966,4376,226,na,na,na,1736,609,582,648,3803,792,957,9184
24, Nov, Individual,4636,10052,58410,10175,5925,2054,3099,50,na,na,na,647,328,139,284,1790,252,438,5947
24, Nov, Cumulative,5740,11213,60627,11917,7026,2876,3802,82,na,na,na,1575,449,241,374,2356,356,934,7666
24, Dec, Individual,11002,19488,71810,32430,39064,13615,6518,231,na,na,na,762,617,193,307,2587,370,5430,13837
24, Dec, Cumulative,15153,23996,78619,48909,57333,18529,8642,307,na,na,na,1649,1205,346,414,3845,809,20566,18602
24, Jan, Individual,10522,22726,74633,21531,4915,2030,5804,65,na,na,na,1032,872,249,209,2945,571,19758,8604
24, Jan, Cumulative,13927,26625,83058,32220,8515,3033,7846,129,na,na,na,2546,1772,442,477,4672,1442,86562,14130
24, Feb, Individual,21908,24397,89888,51529,9800,5596,12102,141,na,na,na,911,2176,588,487,6780,901,14885,13969
24, Feb, Cumulative,29264,32148,98709,76067,15492,7084,15824,195,na,na,na,1957,4498,1043,1082,11046,2074,55786,21721
24, Mar, Individual,7735,14601,75562,20114,6850,2290,10723,152,na,na,na,800,871,223,145,2526,353,5518,6909
24, Mar, Cumulative,9922,18920,81269,30378,12113,3250,14576,170,na,na,na,1589,2319,354,236,4356,767,20371,10660
24, Firsthalf, Individual,156565,115231,364150,108651,49876,11513,20959,499,na,na,na,4404,2204,1690,1326,12646,2077,3867,37765
24, Firsthalf, Cumulative,179753,135925,390520,141653,57967,14547,27086,736,na,na,na,10091,3241,2897,2017,18301,3601,6243,50405
24, Secondhalf, Individual,64057,105621,451159,154644,74275,28111,41599,721,na,na,na,5028,5283,1784,1826,19452,2957,46724,56964
24, Secondhalf, Cumulative,83946,129745,486343,221531,109044,37738,55066,1109,na,na,na,11052,10852,3008,3231,30078,6240,185176,81963
24, All, Individual,220622,220852,815309,263295,124151,39624,62558,1220,na,na,na,9432,7487,3474,3152,32098,5034,50591,94729
24, All, Cumulative,263699,265670,876863,363184,167011,52285,82152,1845,na,na,na,21143,14093,5905,5248,48379,9841,191419,132368
25, Apr, Individual,6832,9688,58149,13501,6215,2065,10336,69,1337,525,37,541,772,166,294,1795,409,1255,4151
25, Apr, Cumulative,8222,10861,61893,18704,7288,2773,13809,96,1458,828,69,1141,930,194,433,2605,708,3534,5699
25, May, Individual,10760,12816,79970,21426,17276,5709,12965,123,1650,421,12,806,535,278,207,3147,505,716,6542
25, May, Cumulative,12858,14390,84884,26734,19502,7029,16227,160,1887,513,14,1599,683,389,343,4103,758,1166,8380
25, Jun, Individual,15123,23572,105215,25279,23015,2005,8271,55,764,295,45,841,410,347,323,3900,497,1057,5443
25, Jun, Cumulative,17499,26439,113139,31715,27065,2823,10424,72,1113,345,58,1571,576,558,424,5230,707,1819,7893
25, Jul, Individual,40698,38833,131397,46407,14874,7277,24434,117,681,371,24,1060,565,551,409,5109,812,1327,9843
25, Jul, Cumulative,46622,47807,141697,63277,17490,9338,30215,144,813,426,27,2021,771,881,682,7578,1325,1812,13357
25, Aug, Individual,40453,44324,96348,40862,10504,4275,12240,126,2111,432,97,1384,602,910,384,3657,844,702,9362
25, Aug, Cumulative,46373,54554,104331,54341,12944,5269,15550,184,2712,488,169,2546,893,1354,593,4850,1102,1354,12765
25, Sep, Individual,21717,14213,100236,22398,8247,3147,8467,32,808,262,61,1062,406,273,298,3327,634,970,6930
25, Sep, Cumulative,24565,16975,105930,28662,10106,3989,10413,56,849,347,114,2040,580,389,584,4731,971,1674,9065
25, Oct, Individual,30210,9229,119769,32587,15027,6370,20689,85,731,249,145,1114,614,563,241,4226,499,1065,9432
25, Oct, Cumulative,35571,10466,126244,39212,17948,7288,25241,97,796,380,160,1820,784,734,316,5110,644,1536,19291
25, Nov, Individual,18654,6620,94188,19031,10091,5600,15707,54,966,268,24,1338,286,165,357,2391,422,584,6252
25, Nov, Cumulative,21502,7607,98035,23495,12020,6329,19790,68,1450,369,27,2241,381,273,476,3518,586,923,7815
25, Dec, Individual,28241,19077,108832,44660,50407,21269,19972,369,5670,430,166,1324,961,187,208,4393,614,7263,13313
25, Dec, Cumulative,34710,23510,117660,67323,77739,30511,26542,678,7788,568,181,2401,1909,374,444,7278,1079,26427,19457
25, Jan, Individual,51906,29763,106444,31432,6301,3117,12080,81,925,165,74,1522,1460,382,354,4292,911,22856,12188
25, Jan, Cumulative,61551,36286,118959,48499,12398,4321,16364,114,1426,268,100,3227,2905,1014,640,6806,1893,96742,20881
25, Feb, Individual,61932,29453,127415,57358,11530,9577,23032,285,1255,318,193,1138,1997,906,498,9669,1112,20384,16543
25, Feb, Cumulative,74881,36066,137674,82283,16616,11979,30602,426,1614,617,237,2307,4068,1540,935,15286,1827,71208,25738
25, Mar, Individual,22104,11084,89373,19258,7589,3269,23603,125,909,170,48,1172,852,302,310,3076,384,6969,7133
25, Mar, Cumulative,27378,15643,97312,31527,13764,4364,30651,295,1355,264,115,2088,1655,622,410,5004,767,23930,10865
25, Firsthalf, Individual,135583,143446,571315,169873,80131,24478,76713,522,7351,2306,276,5694,3290,2525,1915,20935,3701,6027,42271
25, Firsthalf, Cumulative,156139,171026,611874,223433,94395,31221,96638,712,8832,2947,451,10918,4433,3765,3059,29097,5571,11359,57159
25, Secondhalf, Individual,213047,105226,646021,204326,100945,49202,115083,999,10456,1600,650,7608,6170,2505,1968,28047,3942,59121,64861
25, Secondhalf, Cumulative,255593,129578,695884,292339,150485,64792,149190,1678,14429,2466,820,14084,11702,4557,3221,43002,6796,220766,104047
25, All, Individual,348630,248672,1217336,374199,181076,73680,191796,1521,17807,3906,926,13302,9460,5030,3883,48982,7643,65148,107132
25, All, Cumulative,411732,300604,1307758,515772,244880,96013,245828,2390,23261,5413,1271,25002,16135,8322,6280,72099,12367,232125,161206
20, Apr,CuIn,1.04514742,1.04358507,1.027261548,1.057434347,1.049965422,na,na,na,na,na,1.186046512,2.133165829,1.429799427,1.549450549,1.320610687,1.296113074,1.40942029,1.625401929,1.313740116
20, May,CuIn,1.111525705,1.043169904,1.039388042,1.090240915,1.052652363,na,na,na,na,na,1.253968254,1.443708609,1.310344828,1.41955836,1.423076923,1.267063922,1.213675214,1.464957265,1.066682156
20, Jun,CuIn,1.159968323,1.134517435,1.04206322,1.082632918,1.072967812,na,na,na,na,na,1.608108108,1.726315789,1.347708895,1.304147465,1.493449782,1.399699474,1.50209205,1.675182482,1.203138001
20, Jul,CuIn,1.130500489,1.205441775,1.059832069,1.121149784,1.0671434,na,na,na,na,na,1.666666667,2.356253705,1.528901734,1.707013575,1.666131621,1.657487923,1.449871465,1.475930972,1.21270967
20, Aug,CuIn,1.204143389,1.197652152,1.06196162,1.110013372,1.070994475,na,na,na,na,na,1.528301887,1.854527938,1.238410596,1.355414013,2.510204082,1.266275841,1.248084291,1.511564626,1.255223881
20, Sep,CuIn,1.223282071,1.078632094,1.05286118,1.087634222,1.075528377,na,na,na,na,na,1.285714286,1.426785714,1.393564356,1.347639485,1.185495119,1.357954545,1.310344828,1.540716612,1.135384274
20, Oct,CuIn,1.212265193,1.101360246,1.048450176,1.147930435,1.084184915,na,na,na,na,na,1.4,1.42384106,1.236893204,1.466960352,1.279166667,1.170731707,1.492753623,1.360097324,1.198712446
20, Nov,CuIn,1.176962503,1.11024735,1.055430712,1.212990328,1.070476387,na,na,na,na,na,1,1.298363811,1.189274448,1.921568627,1.203252033,1.32,1.304347826,1.56302521,1.201323988
20, Dec,CuIn,1.146872167,1.208673047,1.073018234,1.410499374,1.321721536,na,na,na,na,na,1.724137931,1.735849057,2.385521886,2.231292517,1.699300699,1.52660152,1.909090909,5.238221437,1.432404767
20, Jan,CuIn,1.175320765,1.622959558,1.095035436,1.329873927,1.194341564,na,na,na,na,na,1.736,2.730109204,2.891566265,2.167664671,1.632258065,1.528014616,2.781094527,5.456170821,1.657002976
20, Feb,CuIn,1.213961922,1.195966447,1.064572426,1.343297671,1.302612827,na,na,na,na,na,1.700854701,1.622324159,2.189925681,2.295138889,1.311111111,1.595661711,1.975342466,4.582625483,1.367197062
20, Mar,CuIn,1.17751938,1.105379616,1.07467498,1.37303404,1.405657786,na,na,na,na,na,1.272727273,2.234375,1.974789916,2.295774648,1.248608534,1.351403061,1.660818713,3.741455347,1.598761184
20, Firsthalf,CuIn,1.145267738,1.146049837,1.049413945,1.100653413,1.065259907,na,na,na,na,na,1.436666667,1.875657664,1.389106229,1.490450726,1.686114352,1.417629596,1.360660248,1.538168847,1.190034447
20, Secondhalf,CuIn,1.180197958,1.251455145,1.068252093,1.311354129,1.242297051,na,na,na,na,na,1.635696822,1.751126928,2.119948187,2.049822064,1.344554455,1.401193589,1.827608555,4.7972243,1.404343914
20, All,CuIn,1.166531091,1.175701558,1.057323138,1.197192293,1.157572132,na,na,na,na,na,1.551480959,1.822728648,1.781846025,1.658471406,1.559471366,1.410970441,1.499806875,4.312475682,1.288894315
21, Apr,CuIn,1.112580382,1.089290883,1.141209497,1.346954987,1.071108901,na,na,na,na,na,1.527027027,1.74556213,1.272727273,1.209039548,2.278846154,1.262508568,1.220408163,1.724315068,1.245170571
21, May,CuIn,1.105514706,1.10460251,1.138544386,1.291666667,1.076646091,na,na,na,na,na,2.087912088,1.197875166,1.41,1.335365854,1.448453608,1.234088127,1.460159363,1.431693989,1.157757723
21, Jun,CuIn,1.14930048,1.178281649,1.088618299,1.245584468,1.100884035,na,na,na,na,na,1.186046512,1.503861004,1.343629344,1.481171548,1.304709141,1.252417127,1.372750643,1.581687612,1.420660684
21, Jul,CuIn,1.15776699,1.179295499,1.077717828,1.317610297,1.122569738,na,na,na,na,na,1.228571429,1.537037037,1.381139489,1.281803543,1.314586995,1.327024511,1.278026906,1.323207776,1.288102169
21, Aug,CuIn,1.141788939,1.186765525,1.085186272,1.387617985,1.143461105,na,na,na,na,na,1.576271186,2.504225352,1.266781411,1.348675035,1.37254902,1.314392651,1.428251121,1.248511905,1.31076415
21, Sep,CuIn,1.151366789,1.142434445,1.059085632,1.24662364,1.100254553,na,na,na,na,na,1.047619048,2.029411765,1.295918367,1.377245509,1.36492891,1.398301296,1.3225,1.249240122,1.248096075
21, Oct,CuIn,1.10251368,1.10596821,1.046190861,1.215649554,1.083380092,na,na,na,na,na,1.131578947,1.259259259,1.210810811,1.380952381,1.23154848,1.250962963,1.408839779,1.366666667,1.194664554
21, Nov,CuIn,1.078434066,1.12552131,1.04158453,1.212048349,1.094422762,na,na,na,na,na,1.021276596,1.425925926,1.338797814,1.119760479,1.675862069,1.167267113,1.325423729,1.267515924,1.178682871
21, Dec,CuIn,1.12508693,1.146118954,1.076178594,1.376651569,1.309518686,na,na,na,na,na,1.270386266,1.413888889,2.331811263,1.714285714,1.504098361,1.28460452,1.798045603,3.917413746,1.380884775
21, Jan,CuIn,1.106953658,1.161139303,1.069227539,1.405728407,1.446725092,na,na,na,na,na,1.271929825,2.020790021,2.398412698,1.398148148,1.160493827,1.685945274,1.794117647,4.745526338,1.707659404
21, Feb,CuIn,1.127373418,1.165715267,1.073604741,1.414739554,1.283478104,na,na,na,na,na,1.765567766,1.899224806,2.183035714,1.833333333,2.713768116,1.644604631,1.578034682,4.10462963,1.427547632
21, Mar,CuIn,1.12845699,1.147467464,1.05568011,1.514396385,1.36718507,na,na,na,na,na,1.241803279,1.660020986,1.962003454,2.138157895,2.856164384,1.691497366,1.378746594,3.948368704,1.332223903
21, Firsthalf,CuIn,1.138188582,1.16400712,1.09499927,1.319756331,1.100156372,na,na,na,na,na,1.511221945,1.751352891,1.325448971,1.336506623,1.396611858,1.296342529,1.353074312,1.410382514,1.27840412
21, Secondhalf,CuIn,1.115156059,1.149239044,1.06214817,1.369782205,1.271681471,na,na,na,na,na,1.361702128,1.623461538,2.080511663,1.618271955,1.667048711,1.430536854,1.550809353,4.207600566,1.382734053
21, All,CuIn,1.122680403,1.156263151,1.075877616,1.349055378,1.216312624,na,na,na,na,na,1.403484321,1.67500861,1.805582137,1.440438871,1.52238806,1.365586201,1.443282051,3.900545858,1.343298813
22, Apr,CuIn,1.093641696,1.06763519,1.067503726,1.25305136,1.078888391,1.133997785,1.179278231,1.105263158,na,na,na,1.669662921,1.526666667,1.657303371,1.538461538,1.1994003,1.316582915,2.357037037,1.190220312
22, May,CuIn,1.10915493,1.079617259,1.045200973,1.179282678,1.08156719,1.086700767,1.233452886,1.896551724,na,na,na,1.563172043,1.268292683,1.335877863,1.901234568,1.191109422,1.320712695,1.37654321,1.251406402
22, Jun,CuIn,1.116275091,1.077078912,1.062167736,1.227385252,1.113762002,1.092808357,1.364297254,2.416666667,na,na,na,1.61038961,1.334405145,1.344512195,1.938914027,1.252995067,1.4325,1.796875,1.369525823
22, Jul,CuIn,1.114954155,1.162188295,1.076881952,1.294313125,1.077915377,1.096630642,1.186023622,2.125,na,na,na,1.734504132,1.320987654,1.308282209,1.366242038,1.281168492,1.339960239,1.737051793,1.283261432
22, Aug,CuIn,1.096554575,1.183768638,1.080913479,1.275034349,1.108278089,1.15275201,1.218576196,2.310344828,na,na,na,1.800277393,1.394508671,1.334625323,1.808027923,1.365731043,1.567423231,1.6401766,1.402129659
22, Sep,CuIn,1.097844558,1.090342679,1.071154885,1.230363787,1.093603062,1.104768965,1.131521739,1.368421053,na,na,na,1.812260536,1.296103896,1.610305958,1.563342318,1.335100742,1.465940054,1.661174047,1.30381899
22, Oct,CuIn,1.107159315,1.066686338,1.053409202,1.282769109,1.154647436,1.115663524,1.24603556,1.14084507,na,na,na,1.402564103,1.527415144,1.191836735,1.477941176,1.261455526,1.369897959,1.498583569,1.252009287
22, Nov,CuIn,1.109705456,1.076811856,1.055908513,1.335701599,1.149018658,1.131954023,1.423705722,1.659090909,na,na,na,1.709323583,1.131355932,1.238095238,2.730769231,2.266709929,1.359223301,1.570071259,1.234137845
22, Dec,CuIn,1.218529412,1.145049278,1.084819755,1.644928512,1.461926936,1.289781616,1.460116732,2.152542373,na,na,na,1.512886598,3.024608501,1.83255814,1.815625,2.02256245,1.879271071,3.530867793,1.583127616
22, Jan,CuIn,1.254143167,1.175817462,1.092180741,1.594710705,1.453990984,1.469072165,1.656370656,2.026666667,na,na,na,2.171903882,3.047258979,2.218518519,4.00625,2.08540146,2.369193154,4.529852536,2.364926508
22, Feb,CuIn,1.229016161,1.238060665,1.087839,1.4911955,1.483192934,1.259552656,1.482789212,2.057971014,na,na,na,2.359046283,2.762658228,2.286836935,2.463768116,2.075709001,2.059957173,3.979307852,1.91005291
22, Mar,CuIn,1.246231156,1.232099759,1.07610784,1.697659298,1.800735101,1.379049676,1.430626927,1.06,na,na,na,2.090452261,2.948275862,2.075471698,1.552631579,1.838675214,1.482269504,3.921348315,2.133036797
22, Firsthalf,CuIn,1.105210524,1.131452943,1.06895216,1.255364707,1.090896218,1.103923998,1.207395883,1.96686747,na,na,na,1.714285714,1.356080823,1.411012433,1.71530978,1.272952854,1.430071241,1.763082778,1.307020744
22, Secondhalf,CuIn,1.198574168,1.162780147,1.077310087,1.523430501,1.414415752,1.267750587,1.450802348,1.760722348,na,na,na,1.887208009,2.629158777,1.875,2.272791519,1.877797044,1.818223235,4.110973794,1.750411777
22, All,CuIn,1.145791202,1.146042726,1.072750464,1.382062879,1.262323059,1.194356033,1.31284973,1.849032258,na,na,na,1.794220485,2.100791139,1.577544978,1.949524941,1.544038191,1.605306458,3.863014043,1.522437701
23, Apr,CuIn,1.437308869,1.301149425,1.222774169,1.328021248,1.234234234,1.846153846,1.663043478,1,na,na,na,1.587837838,1.389473684,2.348837209,1.84375,1.407894737,1.040816327,2.067114094,1.629148629
23, May,CuIn,1.355537052,1.186879824,1.120058229,1.176773964,1.076436222,1.277419355,1.432950192,1.6,na,na,na,1.390804598,1.358490566,2.092105263,1.886792453,1.411764706,1.853448276,1.487455197,1.391963609
23, Jun,CuIn,1.114391691,1.146858852,1.052920791,1.180496054,1.054226475,1.206382979,1.262068966,1.456521739,na,na,na,1.332642487,1.530927835,2.083333333,2.553191489,1.456924755,1.261603376,1.301818182,1.573383672
23, Jul,CuIn,1.120160214,1.223645369,1.056226324,1.216035411,1.073543832,1.061632871,1.131739708,1.052238806,na,na,na,1.54964539,1.514388489,1.606217617,1.759615385,1.485125858,2.455782313,1.69382716,1.451944388
23, Aug,CuIn,1.109649123,1.259983737,1.079496534,1.147807612,1.114006515,1.120786517,1.298408488,1.186046512,na,na,na,2.921100917,1.72265625,1.367346939,3.635036496,1.418473139,1.345098039,1.575,1.437603208
23, Sep,CuIn,1.130843928,1.20070164,1.051668267,1.165986068,1.094543388,1.106382979,1.26880531,1.504504505,na,na,na,3.311004785,1.294247788,1.576388889,1.871473354,1.491887906,1.274900398,1.589130435,1.571895425
23, Oct,CuIn,1.082410684,1.124536813,1.046548596,1.163189641,1.101976057,1.088408644,1.336016097,1.567164179,na,na,na,1.452991453,1.335766423,1.75739645,1.181208054,1.519614591,1.256559767,1.387387387,1.277233268
23, Nov,CuIn,1.094954938,1.115976951,1.044326633,1.172060882,1.120425532,1.323763955,1.288333333,1.092715232,na,na,na,2.063872255,1.29281768,2.12037037,1.572881356,1.594752187,1.844444444,1.716312057,1.249821045
23, Dec,CuIn,1.186112692,1.253712072,1.095387244,1.393872048,1.380669602,1.316621324,1.420282789,1.229508197,na,na,na,2.282398453,2.037549407,2.188940092,1.130801688,1.643812709,1.658974359,4.407407407,1.4045853
23, Jan,CuIn,1.194547959,1.230199285,1.134231115,1.463509144,1.383343731,1.305354559,1.317731773,1.79245283,na,na,na,2.394273128,2.348214286,2.378600823,2.085470085,1.781517094,2.131294964,4.643765614,1.928373222
23, Feb,CuIn,1.257263294,1.311972155,1.107308778,1.463255544,1.50855033,1.358413133,1.33666889,1.381578947,na,na,na,2.039872408,2.176262179,2.166666667,1.832298137,1.719809637,1.996261682,4.30180125,1.644270463
23, Mar,CuIn,1.162016284,1.372095333,1.066826757,1.498955635,1.645571827,1.553654743,1.277276456,1.970149254,na,na,na,1.805991441,2.55,2.151658768,1.708791209,1.737437186,1.828282828,3.682649189,1.675017237
23, Firsthalf,CuIn,1.125759307,1.22149946,1.068298554,1.176800374,1.075557327,1.099180111,1.209038737,1.221505376,na,na,na,1.938737041,1.462708182,1.65674814,2.206405694,1.457937089,1.622296173,1.58973029,1.493385709
23, Secondhalf,CuIn,1.172854321,1.241164639,1.08862268,1.388915246,1.356155149,1.323810164,1.341052056,1.384843982,na,na,na,2.010364004,2.125231339,2.150537634,1.536181943,1.687924417,1.828817734,4.278962561,1.566069465
23, All,CuIn,1.159025889,1.232499581,1.08132533,1.316105147,1.261227242,1.248105892,1.289759741,1.318101933,na,na,na,1.978428351,1.927319922,1.943379403,1.782476024,1.60746049,1.760582738,4.072715701,1.539982999
24, Apr,CuIn,1.130308585,1.113663484,1.045744787,1.423906966,1.147970085,1.478453039,1.352009274,2.428571429,na,na,na,1.702614379,1.397694524,2.260416667,1.323529412,1.349914237,1.470588235,1.824626866,1.267502161
24, May,CuIn,1.157865549,1.117887155,1.056172436,1.219033233,1.157759318,1.333333333,1.222730471,1.268041237,na,na,na,2.040767386,1.377245509,2.136904762,1.438095238,1.388690779,1.423076923,1.488322718,1.165882162
24, Jun,CuIn,1.160349517,1.131079514,1.059255296,1.240940609,1.196286709,1.185886403,1.358748347,1.285714286,na,na,na,2.076530612,1.496710526,1.579881657,1.256055363,1.369565217,1.483754513,1.633431085,1.467926289
24, Jul,CuIn,1.162224874,1.215247595,1.088942115,1.383956335,1.139990838,1.235358154,1.262072593,1.759615385,na,na,na,1.916666667,1.518610422,1.744845361,1.752727273,1.536553093,1.958333333,1.43144208,1.344569706
24, Aug,CuIn,1.129227149,1.217621973,1.095792288,1.290098232,1.145075603,1.194731405,1.365909091,1.139784946,na,na,na,2.888584475,1.531969309,1.660818713,1.6125,1.466958212,1.558035714,1.593309859,1.377849723
24, Sep,CuIn,1.159832406,1.139233232,1.066472453,1.234842331,1.185733882,1.276595745,1.304180064,1.6,na,na,na,2.632930514,1.482352941,1.474719101,1.558739255,1.482327586,2.257839721,1.703629032,1.393541238
24, Oct,CuIn,1.204264599,1.173155952,1.039638369,1.168301087,1.109312265,1.17418844,1.305099911,2.756097561,na,na,na,1.98173516,1.453460621,1.484693878,1.644670051,1.346671388,1.552941176,1.376978417,1.193037153
24, Nov,CuIn,1.238136324,1.115499403,1.037955829,1.171203931,1.185822785,1.400194742,1.22684737,1.64,na,na,na,2.43431221,1.368902439,1.73381295,1.316901408,1.316201117,1.412698413,2.132420091,1.289053304
24, Dec,CuIn,1.377295037,1.231321839,1.094819663,1.508140611,1.467668442,1.36092545,1.32586683,1.329004329,na,na,na,2.164041995,1.952998379,1.792746114,1.348534202,1.486277542,2.186486486,3.78747698,1.344366553
24, Jan,CuIn,1.323607679,1.171565608,1.112885721,1.496446983,1.732451679,1.49408867,1.351826327,1.984615385,na,na,na,2.467054264,2.032110092,1.775100402,2.282296651,1.586417657,2.525394046,4.381111449,1.642259414
24, Feb,CuIn,1.335767756,1.317702996,1.098133232,1.476197869,1.580816327,1.265904217,1.307552471,1.382978723,na,na,na,2.148188804,2.067095588,1.773809524,2.221765914,1.62920354,2.301886792,3.747799798,1.554943088
24, Mar,CuIn,1.282740789,1.295801657,1.075527381,1.510291339,1.768321168,1.419213974,1.359321086,1.118421053,na,na,na,1.98625,2.662456946,1.587443946,1.627586207,1.724465558,2.172804533,3.691736136,1.542915038
24, Firsthalf,CuIn,1.148104621,1.17958709,1.072415214,1.303743178,1.162222311,1.263528186,1.292332649,1.4749499,na,na,na,2.291326067,1.470508167,1.714201183,1.521116139,1.447176973,1.733750602,1.614429791,1.334701443
24, Secondhalf,CuIn,1.310489096,1.228401549,1.07798581,1.432522439,1.468111747,1.342463804,1.323733744,1.53814147,na,na,na,2.198090692,2.054135908,1.686098655,1.769441402,1.546267736,2.110246872,3.963188083,1.43885612
24, All,CuIn,1.195252513,1.20293228,1.075497756,1.379380543,1.345224767,1.319528569,1.313213338,1.512295082,na,na,na,2.241624258,1.882329371,1.699769718,1.664974619,1.507227865,1.954906635,3.783657172,1.397333446
25, Apr,CuIn,1.203454333,1.121077622,1.064386318,1.385378861,1.172646822,1.342857143,1.336010062,1.391304348,1.090501122,1.577142857,1.864864865,2.109057301,1.204663212,1.168674699,1.472789116,1.451253482,1.731051345,2.815936255,1.372922187
25, May,CuIn,1.194981413,1.122815231,1.061448043,1.247736395,1.128849271,1.231213873,1.251600463,1.300813008,1.143636364,1.218527316,1.166666667,1.983870968,1.276635514,1.399280576,1.657004831,1.303781379,1.500990099,1.62849162,1.280953837
25, Jun,CuIn,1.157111684,1.121627354,1.075312455,1.254598679,1.175972192,1.40798005,1.260307097,1.309090909,1.456806283,1.169491525,1.288888889,1.868014269,1.404878049,1.608069164,1.312693498,1.341025641,1.422535211,1.720908231,1.450119419
25, Jul,CuIn,1.145559978,1.231092112,1.078388395,1.363522744,1.17587737,1.283221108,1.236596546,1.230769231,1.193832599,1.148247978,1.125,1.906603774,1.36460177,1.598911071,1.667481663,1.483264827,1.631773399,1.365486059,1.357004978
25, Aug,CuIn,1.146342669,1.230800469,1.082855897,1.32986638,1.23229246,1.23251462,1.270424837,1.46031746,1.284699195,1.12962963,1.742268041,1.839595376,1.483388704,1.487912088,1.544270833,1.326223681,1.305687204,1.928774929,1.363490707
25, Sep,CuIn,1.131141502,1.194329135,1.056805938,1.279667827,1.225415303,1.267556403,1.229833471,1.75,1.050742574,1.324427481,1.868852459,1.920903955,1.428571429,1.424908425,1.959731544,1.422001803,1.531545741,1.725773196,1.308080808
25, Oct,CuIn,1.177457795,1.134034023,1.054062403,1.20330193,1.194383443,1.14411303,1.220020301,1.141176471,1.088919289,1.526104418,1.103448276,1.633752244,1.276872964,1.303730018,1.31120332,1.209181259,1.290581162,1.442253521,2.045271416
25, Nov,CuIn,1.152675029,1.149093656,1.040843844,1.234564658,1.19116044,1.130178571,1.259947794,1.259259259,1.501035197,1.376865672,1.125,1.674887892,1.332167832,1.654545455,1.333333333,1.471350899,1.388625592,1.580479452,1.25
25, Dec,CuIn,1.229064127,1.232374063,1.081115848,1.507456337,1.542226278,1.434529127,1.328960545,1.837398374,1.373544974,1.320930233,1.090361446,1.813444109,1.986472425,2,2.134615385,1.656726611,1.75732899,3.6385791,1.461503793
25, Jan,CuIn,1.185816669,1.219164735,1.11757356,1.542981675,1.967624187,1.386268848,1.354635762,1.407407407,1.541621622,1.624242424,1.351351351,2.120236531,1.989726027,2.654450262,1.807909605,1.585740913,2.077936334,4.232674134,1.713242534
25, Feb,CuIn,1.209084157,1.224527213,1.080516423,1.434551414,1.441110147,1.25080923,1.32867315,1.494736842,1.286055777,1.940251572,1.227979275,2.027240773,2.037055583,1.699779249,1.87751004,1.580928741,1.642985612,3.4933281,1.555824216
25, Mar,CuIn,1.238599349,1.411313605,1.08882996,1.637085886,1.813677691,1.334964821,1.298606109,2.36,1.490649065,1.552941176,2.395833333,1.781569966,1.942488263,2.059602649,1.322580645,1.626788036,1.997395833,3.43377816,1.523202019
25, Firsthalf,CuIn,1.151611928,1.192267473,1.07099236,1.315294367,1.178008511,1.275471852,1.259734334,1.363984674,1.201469188,1.277970512,1.634057971,1.917456972,1.347416413,1.491089109,1.597389034,1.389873418,1.505268846,1.884685582,1.352203638
25, Secondhalf,CuIn,1.199702413,1.231425693,1.077184797,1.430747922,1.490762296,1.316857038,1.296368708,1.67967968,1.379973221,1.54125,1.261538462,1.851209253,1.896596434,1.819161677,1.636686992,1.533212108,1.723997971,3.734138462,1.604153497
25, All,CuIn,1.180999914,1.208837344,1.074278589,1.378336126,1.352360335,1.303108035,1.28171599,1.571334648,1.306284046,1.385816692,1.372570194,1.879566982,1.705602537,1.654473161,1.617306207,1.471948879,1.618081905,3.563041076,1.504741814
